{"cameraMode":{"drawMode":0,"name":"Shaded","section":"Shading Mode"},"sceneLighting":false,"audioPlay":false,"sceneViewState":{"showFog":true,"showMaterialUpdate":false,"showSkybox":true,"showFlares":true,"showImageEffects":true,"showParticleSystems":true},"in2DMode":false,"pivot":{"x":-4.1100006103515629,"y":1.3300000429153443,"z":-3.3400001525878908},"rotation":{"x":0.11289093643426895,"y":0.4999920129776001,"z":-0.06593228876590729,"w":0.8561046719551086},"size":28.05000114440918,"orthographic":false}